AAH,  an interjection expressing surprise [interj] / to exclaim in surprise [v -ED-ING
AAL,  (Hindi) the Indian mulberry tree aka noni
AAS,  AA(Hawaiian) a volcanic rock consisting of angular blocks of lava with a very rough surface [n]
ABA,  a Syrian cloth of goat's or camel's hair; an outer garment made of it also ABAYA [n -S]
ABB,  a woof yarn [n -S]
ABO,  (offensive) (short for) an aborigine [n -S]
ABS,  AB an abdominal muscle [n]
ABY,  (archaic) to pay the penalty also ABYE [v ABOUGHT
ACE,  an expert [n -S] / to serve an unreturnable shot e.g. in tennis [v ACEDACING
ACH,  (Scots) expressing regret or impatience also OCH [interj]
ACT,  to do something in a specified way [v -ED-ING
ADD,  to compute the sum of [v -ED-ING
ADO,  bustle or fuss [n -S]
ADS,  AD(colloquial) an advertisement [n]
ADZ,  to dress timber with an arched blade set at right angles to the handle also ADZE [v -ED
AFF,  (Scots) off [adv]
AFT,  behind nautically [adv]
AGA,  (Turkish) a Turkish military officer also AGHA [n -S]
AGE,  to grow old [v AGED AGING or AGEING
AGO,  in the past [adv]
AGS,  AG(short for) agriculture [n]
AHA,  an interjection expressing exultation [interj]
AHI,  (Hawaiian) a fish (yellowfin tuna or bigeye) [n -S]
AHS,  AHto say ah [v]
AIA,  in India a maid or nurse
AID,  to help [v -ED-ING
AIL,  to be indisposed [v -ED-ING
AIM,  to direct a course [v -ED-ING
AIN,  a Hebrew letter [n -S]
AIR,  the mixture of gases breathed by people and animals also AYRE [n -S] / to make known publicly [v -ED
AIS,  AI(Tupi) a three-toed sloth [n]
AIT,  a small island also EYOT [n -S]
AJI,  (Spanish) a spicy pepper [n AJIS or AJIES]
AKA,  (Maori) a New Zealand vine [n -S]
AKE,  to endure a dull lasting pain also ACHE [v AKED
ALA,  in biology any flat winglike projection [n ALAE]
ALB,  a priest's long white vestment [n -S]
ALE,  a kind of beer made without using hops as a flavouring
ALF,  (Australian slang) an uncultivated Australian [n -S]
ALL,  the whole [n -S]
ALP,  a high mountain [n -S]
ALS,  AL(Hindi) the Indian mulberry tree
ALT,  a high musical note [n -S]
ALU,  (Hindi) a potato also ALOO [n -S]
AMA,  (Hindi) a native maidservant or child's nurse esp. a wet nurse
AME,  (French) a soul [n -S]
AMI,  (French) a friend [n -S]
AMP,  (Australian slang) to excite [v -ED-ING
AMU,  a unit of mass [n -S]
ANA,  a collection of someone's table-talk [n -S]
AND,  a conjunction indicating addition [conj] / the symbol ampersand; something added [n -S]
ANE,  (Scots) one also YIN [n -S]
ANI,  a tropical American bird [n -S]
ANN,  (Scots) the half-year's stipend payable to a minister's wife on his deathalso ANNAT [n -S]
ANS,  as in ifs and ans - things that might have happened
ANT,  a small industrious insect [n -S]
ANY,  whichever [adj]
APE,  to mimic [v APEDAPING
APO,  (short for) apolipoprotein a type of protein [n -S]
APP,  (short for) application program [n -S]
APT,  suited to [adj APTERAPTEST
ARB,  (short for) an arbitrageur a stocks and shares shyster [n -S]
ARC,  a part of the circumference of a circle or other curve [n -S] / to make an electric discharge [v ARCKED or ARCEDARCKING or ARCING
ARD,  a kind of primitive plough [n -S]
ARE,  a unit of metric land measure [n -S]
ARF,  a barking sound [n -S]
ARK,  to put into an ark (a coffer) [v -ED-ING
ARM,  to supply with weapons [v -ED-ING
ARS,  AR the letter R [n]
ART,  works of creative imagination [n -S]
ARY,  (dialect) any [adj]
ASH,  the dust or remains of anything burnt [n -ES] / to convert something into ash [v -ED-ING
ASK,  to inquire or request [v -ED-ING
ASP,  a venomous snake also ASPICK [n -S]
ASS,  a long haired animal like a small horse; a stupid person [n -ES]
ATE,  reckless ambition that drives one to ruin [n -S]
ATS,  ATa monetary unit of Laos [n]
ATT,  a monetary unit of Laos also AT [n ATT]
AUA,  (Maori) the yellow-eye mullet [n -S]
AUE,  (Maori) an exclamation of pain distress or astonishment [interj]
AUF,  (obsolete) an elf's child [n -S]
AUK,  a type of seabird [n -S]
AVA,  an aromatic plant of the pepper family; a narcotic drink prepared from its root and stemalso KAVA
AVE,  hail [n -S]
AVO,  a monetary unit of Macao [n -S]
AWA,  (Scots) away also AWAYES [adv]
AWE,  to strike with fear [v AWED AWEING or AWING
AWK,  a computer-programming language used for data processing [n -S]
AWL,  a pointed tool for making holes [n -S]
AWN,  a beard on grass [n -S] / to shelter with an awning [v -ED-ING
AXE,  to chop or cut down also AX [v AXED
AYE,  an affirmative vote also AY [n -S]
AYS,  AYan affirmative vote
AYU,  (Japanese) a small edible Japanese fish [n -S]
AZO,  of compounds containing nitrogen
BAA,  to cry like a sheep [v -ED-ING
BAC,  (short for) baccalaureate a university degree [n -S]
BAD,  something evil [n BADS] / not good [adj WORSEWORST or WARST or WAURST] / (slang) very good [adj BADDER
BAE,  (US) a person's sweetheart or lover: often used as an affectionate term of address [n -S]
BAG,  to put in a pouch or sack [v BAGGEDBAGGING
BAH,  expressing disgust [interj]
BAL,  (short for) a balmoral a type of Scottish bonnet or boot [n -S]
BAM,  to hoax or cheat [v BAMMEDBAMMING
BAN,  to forbid or prohibit [v BANNEDBANNING
BAO,  (Chinese) a steamed dumplingusually eaten with a filling [n -S]
BAP,  a large flat breakfast roll [n -S]
BAR,  to obstruct or prevent [v BARREDBARRING
BAS,  BA the soul
BAT,  to hit a ball with a bat (cricketbaseball) [v BATTED
BAY,  of a certain colour [adj BAYERBAYEST] / to bark or howl [v -ED
BED,  to provide with a receptacle for sleeping [v BEDDEDBEDDING
BEE,  a four-winged insect that makes honey [n -S]
BEG,  to ask for [v BEGGEDBEGGING
BEL,  a noise measure [n -S]
BEN,  (Gaelic) a mountain [n -S]
BES,  (Hebrew) the second letter of the Hebrew alphabet also BETH [n -ES]
BET,  to wager [v BETTEDBETTING
BEY,  a Turkish governor [n -S]
BEZ,  the second tine of a deer's horn [n -ES]
BIB,  to tipple [v BIBBEDBIBBING
BID,  to make an offer [v BID or BADE or BIDDENBIDDING
BIG,  to build [v BIGGEDBIGGING
BIN,  to store in a large receptacle [v BINNEDBINNING
BIO,  (short for) a biography [n -S]
BIS,  BI(short for) a bisexual [n]
BIT,  to curb or restrain [v BITTEDBITTING
BIZ,  (slang) business [n BIZES or BIZZES]
BOA,  a large constricting snake [n -S]
BOB,  to move quickly up and down [v BOBBEDBOBBING
BOD,  (colloquial) a person [n -S]
BOG,  to sink into a bog [v BOGGEDBOGGING
BOH,  an exclamation used to startle [n -S]
BOI,  (slang) a lesbian who adopts a boyish appearance or manners [n -S]
BOK,  (South African) a goat or antelope [n -S]
BON,  (French) good [adj]
BOO,  to show disapproval by making this sound also BOOH [v -ED
BOP,  to dance to pop music [v BOPPEDBOPPING
BOR,  an East Anglian form of address meaning neighbour [n -S]
BOS,  BO a pal
BOT,  to cadge [v BOTTEDBOTTING
BOW,  to bend or incline downwards [v -ED-ING
BOX,  to put in a container [v -ED-ING
BOY,  to act a female role as a boy [v -ED-ING
BRA,  (short for) brassiere [n -S]
BRO,  buddy pal
BRR,  used to indicate that one is coldalso BRRR [interj]
BRU,  (South African) buddy pal
BUB,  a young fellow [n -S]
BUD,  to produce unopened flowers [v BUDDEDBUDDING
BUG,  to annoy [v BUGGEDBUGGING
BUM,  to live idly [v BUMMEDBUMMING
BUN,  a small sweet cake [n -S]
BUR,  to remove a rough edge fromalso BURR [v BURRED
BUS,  a road vehicle for transporting a considerable number of passengers [n -ES] / to travel or transport by bus [v BUSED or BUSSEDBUSING or BUSSING
BUT,  to put forward as an objection [v BUTTEDBUTTING
BUY,  to purchase [v BOUGHTBOUGHTEN
BYE,  a pass to the next round (of a competitionetc.)
BYS,  BYa pass to the next round (of a competition
CAA,  (Scots) to call [v -ED-ING
CAB,  to travel by taxicab [v CABBEDCABBING
CAD,  an ungentlemanly man [n -S]
CAF,  (short for) a cafeteria or cafe [n -S]
CAG,  (short for) cagoule a light anorak [n -S]
CAL,  (short for) calorie as in low cal [n -S]
CAM,  to whiten with camstone also CAUM [v CAMMED
CAN,  to put in a cylindrical container [v CANNEDCANNING
CAP,  to provide with a type of head covering [v CAPPEDCAPPING
CAR,  a self-propelled wheeled vehicle [n -S]
CAT,  to vomit [v CATTEDCATTING
CAW,  to cry like a crow also KAW [v -ED
CAY,  a small low island of corals and etc. [n -S]
CAZ,  (slang) casual also CAZH [adj]
CEE,  the letter C [n -S]
CEL,  (short for) celluloid a celluloid frame of an animated cartoon [n -S]
CEP,  a large mushroom also CEPE [n -S]
CHA,  (colloquial) tea [n -S]
CHE,  (dialect) I also CH [pron]
CHI,  the twenty-second letter of the Greek alphabet also KHI [n -S]
CID,  a chief captain or hero [n -S]
CIG,  (short for) cigarette also CIGGIE
CIS,  having atoms on the same side of the molecule [adj]
CIT,  (archaic) a contemptuous term for one who is not a gentleman [n -S]
CLY,  to seize or steal [v CLIEDCLYING
COB,  to strike [v COBBEDCOBBING
COD,  to hoax or make fun of [v CODDEDCODDING
COG,  to cheat at dice [v COGGEDCOGGING
COL,  a pass in a mountain range [n -S]
CON,  to study carefully [v COND or YCOND or CONNEDCONNING
COO,  to make the sound of a dove [v -ED-ING
COP,  to capture [v COPPEDCOPPING
COR,  a Hebrew measure [n -S]
COS,  a crisp long-leaved lettuce [n -ES]
COT,  to become tangled [v COTTEDCOTTING
COW,  the female of bovine and some other animals [n COWSKINE
COX,  to steer a racing rowboat also COXSWAIN [v -ED
COY,  modest bashful [adj COYER
COZ,  (archaic) cousin also CUZ [n COZZES]
CRU,  (French) a vineyard [n -S]
CRY,  to utter a sound of distress or to weep [v CRIEDCRYING
CUB,  to bring forth young [v CUBBEDCUBBING
CUD,  food brought back to be chewed again [n -S]
CUE,  to prompt an actor [v CUEDCUEING or CUING
CUM,  (vulgar) to ejaculate sperm [v CUMMEDCUMMING
CUP,  to put into a small open container [v CUPPED
CUR,  a worthless mongrel dog also KURRE [n -S]
CUT,  to make an incision in; to reduce [v CUTCUTTING
CUZ,  (obsolete) cousin also COZ [n CUZES or CUZZES]
CWM,  (Welsh) a deep basin on a mountain also CIRQUE
DAB,  to touch lightly [v DABBED DABBING
DAD,  to dash against [v DADDED DADDING
DAE,  (Scots) to do [v DONE DID
DAG,  to remove clotted tufts of wool from a sheep [v DAGGEDDAGGING
DAH,  a dash in morse code [n -S]
DAK,  (Hindi) the mail-post in India also DAWK [n -S]
DAL,  (Hindi) a kind of Indian edible pea also DAAL
DAM,  to build an embankment to retain water [v DAMMEDDAMMING
DAN,  (Japanese) a level of efficiency in Japanese combative sports [n -S]
DAP,  to dip in water [v DAPPED DAPPING
DAS,  DA(Burmese) a heavy Burmese knife
DAW,  to dawn [v DAWED DAWEN
DAY,  the time between sunrise and sunset [n -S]
DEB,  (short for) debutante [n -S]
DEE,  to damn [v DEED DEEING
DEF,  excellent [adj DEFFER DEFFEST
DEG,  (dialect) to water (e.g. a plant) [v DEGGED DEGGING
DEI,  DEUS(Latin) god [n]
DEL,  an operator in differential calculus [n -S]
DEN,  to live in a lair [v DENNEDDENNING
DEP,  a convenience store [n -S]
DEV,  (Sanskrit) a Hindu god also DEVA [n -S]
DEW,  to wet with condensed moisture also DEAW [v -ED
DEX,  a pill containing Dexedrinea sulfate used as a stimulant
DEY,  formerly the pasha of Algiers [n -S]
DIB,  to fish by floating the bait [v DIBBEDDIBBING
DID,  DOto perform [v]
DIE,  to cut with a material shaping device [v DIEDDIEING
DIF,  (colloquial) difference also DIFF [n -S]
DIG,  to make a hole excavate [v DUG or DIGGED
DIM,  to reduce the light of [v DIMMEDDIMMING
DIN,  to make a loud noise [v DINNEDDINNING
DIP,  to immerse briefly in a liquid [v DIPPEDDIPT
DIS,  to disparage also DISS [v DISSED
DIT,  (Scots) to block [v DITTEDDITTIT
DIV,  in Persian legendan evil spirit
DOB,  (Australian slang) to inform on or betray [v DOBBEDDOBBING
DOC,  (short for) doctor [n -S]
DOD,  (Scots) to knock thump
DOE,  the female of a deerrabbit and some other animals [n -S]
DOF,  (South African) stupid [adj]
DOG,  to follow closely behind [v DOGGEDDOGGING
DOH,  a musical note [n -S]
DOL,  a unit of pain intensity [n -S]
DOM,  a title given to certain monks [n -S]
DON,  to put on [v DONNEDDONNING
DOO,  (Scots) a dove or pigeon [n -S]
DOP,  to dip [v DOPPEDDOPPING
DOR,  to mock or scoff at
DOS,  DOa party
DOT,  to cover with tiny round marks [v DOTTEDDOTTING
DOW,  to be able [v DOCHT or DOUGHT or DOWEDDOWING
DOX,  to publish personal information about (a person) on the internet [v DOXEDDOXING
DOY,  (Scots) dear, a loved one [n -S]
DRY,  having no moisture [adj DRIER or DRYERDRIEST or DRYEST
DSO,  a cross between a yak and a cowalso DZHO
DUB,  to confer knighthood on [v DUBBEDDUBBING
DUD,  a bomb that fails to explode [n -S]
DUE,  required [adj DULY] / to endue [v DUEDDUING
DUG,  the udder of a female mammal [n -S]
DUH,  an ironic response to a question [interj]
DUI,  DUO two people considered a pair for a specific reason [n]
DUM,  cooked with steam [adj]
DUN,  to make demands for payment of a debt [v DUNNEDDUNNING
DUO,  two people considered a pair for a specific reason [n DUI or DUOS]
DUP,  (Shakespeare) to undo [v DUPPEDDUPPING
DUX,  a leader [n DUCES or DUXES]
DYE,  to change the colour of [v DYEDDYEING
DZO,  a cross between a yak and a cowalso DSO
EAN,  (Shakespeare) to give birth toalso YEAN [v -ED
EAR,  to plough or till [v -ED-ING
EAS,  EA(dialect) a river [n]
EAT,  to consume food [v ATE or (obsolete) ETEATEN
EAU,  (French) a river or water [n EAUS or EAUX]
EBB,  to move back from the landto recede [v -ED
ECH,  (Shakespeare) to eke also ECHE
ECO,  (short for) ecology [n -S]
ECU,  (French) an old French coin [n -S]
EDH,  a letter used in old English also ETH [n -S]
EDS,  ED(short for) education [n]
EEK,  an interjection expressing fright [interj]
EEL,  a snakelike fish [n -S]
EEN,  EE(Scots) an eye [n]
EEW,  an interjection used to express disgustalso EEEW
EFF,  euphemism for fuck [v -ED-ING
EFS,  EFthe letter F [n]
EFT,  a newt also EVET
EGG,  to incite [v -ED-ING
EGO,  the 'I' or self [n -S]
EHS,  EHto say 'Eh'
EIK,  (Scots) to augmentalso ECH
EKE,  to augmentalso ECH
ELD,  (archaic) old agealso EILD [n -S]
ELF,  to entangle (hair) [v -ED-ING
ELK,  a kind of large deer [n -S]
ELL,  an old measure of length equal to 45 inches [n -S]
ELM,  a kind of deciduous tree [n -S]
ELS,  EL(US) an elevated railroad [n]
ELT,  a young sow also GILT
EME,  (obsolete) an uncle [n -S]
EMO,  a type of music combining traditional hard rock with personal and emotional lyricsalso EMOCORE [n -S]
EMS,  EMa unit of measurement in printing [n]
EMU,  a large flightless bird also EMEU [n -S]
END,  to terminate [v -ED-ING
ENE,  a poetic word for evening [n -S]
ENG,  a phonetic symbol representing the sound 'ng'aka agma [n -S]
ENS,  being existence; an entity [n ENTIA]
EON,  a long period of time also AEON [n -S]
ERA,  a main division of geological time [n -S]
ERE,  to plough [v EREDERING
ERF,  (South African) in South Africaa garden plot [n ERVEN]
ERG,  a unit of work [n -S] / a Saharan area of shifting sands [n AREG]
ERK,  (slang) an aircraftsman [n -S]
ERM,  expressing hesitation or doubt [interj]
ERN,  (Milton) to earn [v -ED-ING
ERR,  to make a mistake [v -ED-ING
ERS,  a European vetchalso ERVIL [n -ES]
ESS,  the letter Salso ES [n -ES]
EST,  a programme designed to develop human potential [n -S]
ETA,  a Greek letter [n -S]
ETH,  an Old English letteralso EDH [n -S]
EUK,  (dialect) to itchalso EWK
EVE,  a poetic word for eveningalso EEVEN
EVO,  (Australian slang) evening [n -S]
EWE,  a female sheepalso YOWE [n -S]
EWK,  (dialect) to itchalso EUK
EWT,  (dialect) a newtalso EFT
EXO,  (Australian slang) excellent [adj]
EYE,  the organ of sight [n EYES or (US) EYEN or (obsolete) EINEEYNE or EEN] / to watch closely [v EYED
FAA,  (Scots) to fall [v FELLFAAN
FAB,  excellent [adj FABBERFABBEST] / something fabricated [n -S]
FAD,  a hobby or interest that enjoys brief popularity [n -S]
FAE,  (Scots) from [prep]
FAG,  to make weary by hard work [v FAGGEDFAGGING
FAH,  a musical notealso FA [n -S]
FAN,  to cool with a device for circulating the air [v FANNEDFANNING
FAP,  (Shakespeare) drunk or befuddled [adj]
FAR,  at a great distance [adj FARTHER or FURTHERFARTHEST or FURTHEST] / to remove to a distance [v FARRED
FAS,  FAa musical note
FAT,  to make plump [v FATTEDFATTING
FAW,  a gypsy [n -S]
FAX,  to send messages via a machine that scans electronically [v -ED-ING
FAY,  whimsicalalso FEY [adj FAYER
FED,  (short for) a federal agent [n -S]
FEE,  to pay a fixed charge [v FEEDFEEING
FEG,  (dialect) a segment of an orange [n -S]
FEH,  (Hebrew) a letter of the Hebrew alphabetalso FE
FEM,  a passive homosexual [n -S]
FEN,  wet land with alkalineneutral
FER,  (dialect) for [prep]
FES,  FE(Hebrew) a Hebrew letter
FET,  (obsolete) to fetchalso FETCH
FEU,  (Scots) to grant land to under Scottish feudal law [v -ED-ING
FEW,  a small number [n -S] / not many [adj FEWERFEWEST]
FEY,  foreseeing the futurealso FAY [adj FEYER
FEZ,  a red brimless cap of wool or felt [n FEZES or FEZZES]
FIB,  to tell a trivial lie [v FIBBEDFIBBING
FID,  a conical pin of hard wood [n -S]
FIE,  whimsicalfey [adj FIER
FIG,  to dress up [v FIGGEDFIGGING
FIL,  (Shakespeare) the shaft of a vehicle [n -S]
FIN,  to equip with paddle-like structures [v FINNEDFINNING
FIR,  an evergreen tree [n -S]
FIT,  in a good healthy condition [adj FITTERFITTEST
FIX,  to make firmrepair [v FIXT or FIXED
FIZ,  a sputtering soundalso FIZZ [n FIZZES] / to make a hissing or sputtering sound [v FIZZED
FLU,  a virus disease [n -S]
FLY,  shrewdknowing [adj FLIER or FLYER
FOB,  to cheatalso FUB [v FOBBED
FOE,  an enemy [n FOES or (Spenser) FOEN or FONE]
FOG,  to cover with condensed water vapor [v FOGGEDFOGGING
FOH,  an expression of disgustalso PHOH [interj]
FON,  to foolbe foolish [v FONNED
FOO,  a name for a temporary computer variable or file [n -S]
FOP,  to deceive [v FOPPEDFOPPING
FOR,  directed or sent to [prep]
FOU,  (Scots) drunk [adj FOUERFOUEST] / a bushel [n -S]
FOX,  to outwit [v -ED-ING
FOY,  (Spenser) a parting entertainment or gift [n -S]
FRA,  (Italian) brother [n -S]
FRO,  an African hairstylealso AFRO [n -S]
FRY,  to cook in fat or oil [v FRIEDFRYING
FUB,  to cheatalso FOB [v FUBBED
FUD,  a rabbit's or hare's tail [n -S]
FUG,  to make hotstuffy and close [v FUGGED
FUM,  (Chinese) the fabled Chinese phoenixalso FUNG [n -S]
FUN,  to act playfully [v FUNNEDFUNNING
FUR,  to cover with a dressed animal pelt [v FURREDFURRING
GAB,  to chatter [v GABBEDGABBING
GAD,  to roam about restlessly [v GADDEDGADDING
GAE,  (Scots) to go [v GAEDGANE
GAG,  to stop up the mouth [v GAGGEDGAGGING
GAK,  (slang) cocaine [n -S]
GAL,  a girl [n -S]
GAM,  to visit socially between whaling ships [v GAMMEDGAMMING
GAN,  (dialect) to go [v GANNEDGANNING
GAP,  to make an opening in [v GAPPEDGAPPING
GAR,  (Scots) to cause or compel [v GART or GARREDGARRING
GAS,  a state of matter [n GASES or GASSES] / to poison with gas [v GASSEDGASSING
GAT,  a pistol [n -S]
GAU,  (German) a German political district of the Nazi regime [n -S]
GAW,  an imperfect rainbow or other supposed sign of coming weather [n -S]
GAY,  a homosexual [n -S] / cheerful [adj GAYERGAYEST
GED,  (dialect) a pike [n -S]
GEE,  of horses to urge on
GEL,  to become like a jelly [v GELLEDGELLING
GEM,  to adorn with gems [v GEMMEDGEMMING
GEN,  as in gen upto brief [v GENNED
GEO,  a gully or creekalso GIO
GER,  in Mongoliaanother name for a yurt
GET,  to obtain or acquire [v GOTGOTTEN
GEY,  considerable [adj GEYERGEYEST]
GHI,  a kind of liquid butteralso GHEE [n -S]
GIB,  a wedge-shaped piece of metal [n -S] / to fasten with a gib [v GIBBEDGIBBING
GID,  a disease of sheep [n -S]
GIE,  (Scots) to give [v GIEDGIEN
GIF,  a type of computer image [n -S]
GIG,  to catch fish with a pronged spear [v GIGGEDGIGGING
GIN,  to process cotton [v GINNEDGINNING
GIO,  a gully or creekalso GEO
GIP,  to swindlealso GYP [v GIPPED
GIS,  GI(Japanese) a loose-fitting white suit worn in judo
GIT,  to get [v GITTEDGITTING
GJU,  an old Shetland violalso GUE
GNU,  a kind of African antelope [n -S]
GOA,  a kind of Tibetan gazellegrey-brown with backward-curving horns [n -S]
GOB,  to spit [v GOBBEDGOBBING
GOD,  to treat as a god (a supernatural being) [v GODDEDGODDING
GOE,  a gully or creekalso GEO
GON,  a geometrical grade [n -S]
GOO,  a sticky or viscous substancealso GOOK [n -S]
GOR,  a seagull [n -S]
GOS,  GOa Japanese board game [n]
GOT,  GETto obtain or acquire [v]
GOV,  (short for) governoralso GUV [n -S]
GOX,  gaseous oxygen [n -ES]
GOY,  (offensive) a Jewish word for a non-Jew [n GOYIM or GOYS]
GRR,  an interjection used to express anger or annoyance [interj]
GUB,  to strike on the mouth [v GUBBEDGUBBING
GUE,  an old Shetland violalso GJU
GUL,  a design in oriental carpets [n -S]
GUM,  to smear with gum (a sticky substance) [v GUMMEDGUMMING
GUN,  to shoot with a gun (a portable firearm) [v GUNNEDGUNNING
GUP,  gossip [n -S]
GUR,  an unrefinedsweet cane sugar
GUS,  GU(Old Norse) an old Shetland viol
GUT,  to remove the guts (intestines) of [v GUTTEDGUTTING
GUV,  (short for) governoralso GOV [n -S]
GUY,  to make fun of [v -ED-ING
GYM,  (short for) a gymnasium [n -S]
GYP,  to swindlealso GIP [v GYPPED
HAD,  (Scots) to hold [v HADHADDEN
HAE,  (Scots) to have [v HAEDHAEN
HAG,  (Scots) to hack [v HAGGEDHAGGING
HAH,  a sound of surprise [n -S]
HAJ,  a pilgrimage to Meccaalso HADJ
HAM,  to overactalso HAMBONE [v HAMMED
HAN,  (Spenser) 3rd person plural of HAVEto possess [v]
HAO,  (Vietnamese) a monetary unit of Vietnamalso CHAO [n -S]
HAP,  to happen by chance [v HAPPEDHAPPING
HAS,  HAVEto possess [v]
HAT,  to provide with a covering for the head [v HATTEDHATTING
HAW,  to make indecisive noises [v -ED-ING
HAY,  to convert cut dried grass into fodder [v -ED-ING
HEH,  a Hebrew letter [n -S]
HEM,  to provide with an edge [v HEMMEDHEMMING
HEN,  to lose courage [v HENNEDHENNING
HEP,  well abreast of fashionable knowledge [adj HEPPERHEPPEST] / the fruit of a rose [n -S]
HER,  a pronoun or possessive adjective representing a female person or thing [adj]
HES,  HEa male person or animal [n]
HET,  (colloquial) a heterosexual [n -S]
HEW,  to cut with an ax [v HEWEDHEWN
HEX,  to cast an evil spell upon [v -ED-ING
HEY,  a winding country dance [n -S] / to dance the hey [v -ED-ING
HIC,  used to represent a hiccup [interj]
HID,  HIDEto conceal [v]
HIE,  to hurry alongalso HYE [v HIED
HIM,  a pronoun representing a male person or thing [pron -S]
HIN,  a Hebrew unit of liquid measure [n -S]
HIP,  to build a type of roof [v HIPT or HIPPEDHIPPING
HIS,  of or belonging to a male person or thing [adj]
HIT,  to strike forcibly [v HITHITTING
HMM,  used to express thoughtful considerationalso HM [interj]
HOA,  to stop [v -ED-ING
HOB,  to furnish with hobnails [v HOBBEDHOBBING
HOC,  (Latin) this [adj]
HOD,  to bob or jog [v HODDEDHODDING
HOE,  to garden with a hoe [v HOEDHOEING
HOG,  to eat hoggishly [v HOGGEDHOGGING
HOH,  to stopalso HO
HOI,  to urgeincite [v -ED
HOM,  (Persian) a sacred plant of the ancient Persiansalso HAOMA
HON,  (short for) honeyas a term of endearment [n -S]
HOO,  (Shakespeare) an interjection expressing boisterous emotion [interj]
HOP,  to move by jumping on one foot [v HOPPEDHOPPING
HOS,  HOto stop [v]
HOT,  having a high temperature [adj HOTTERHOTTEST] / to heat [v HOTTED
HOW,  a low hillalso HOWE [n -S]
HOX,  (Shakespeare) to hamstring [v -ED-ING
HOY,  to incite [v -ED-ING
HUB,  the centre of a wheel [n -S]
HUE,  colour [n -S]
HUG,  to clasp tightly in the arms [v HUGGEDHUGGING
HUH,  used to express surprise [interj]
HUI,  a Maori gathering [n -S]
HUM,  to make a sound like bees [v HUMMEDHUMMING
HUN,  a barbarousdestructive person [n -S]
HUP,  to quicken the pace of a horse or turn a horse to the right (by shouting hup to it) [v HUPPEDHUPPING
HUT,  a smallmean or crudely built house [n -S] / to settle in a hut [v HUTTED
HYE,  (obsolete) to hasten [v HYEDHYEING or HYING
HYP,  to offend [v HYPPEDHYPPING
ICE,  to cover with frozen water [v ICEDICING
ICH,  (Shakespeare) to ekealso ECH
ICK,  something sticky or disgusting [n -S]
ICY,  covered with ice [adj ICIERICIEST
IDE,  a fish of the carp familyaka silver orfe
IDS,  IDa fish of the carp family
IFF,  if and only if [conj]
IFS,  IFa condition [n]
IGG,  (slang) to ignore [v -ED-ING
ILK,  a type or kindalso YLKE [n -S]
ILL,  unwell [adj ILLERILLEST
IMP,  to graft feathers onto a bird's wingalso YMPE [v -ED
ING,  a meadowesp. one beside a river [n -S]
INK,  a coloured liquid used in writing [n -S] / to colour with ink [v -ED-ING
INN,  to stay at a public lodging house [v -ED-ING
INS,  INto take in e.g. harvest [v]
ION,  an electrically-charged particle formed by loss or gain of electrons by an atom [n -S]
IOS,  IOa cry of joy [n]
IRE,  to anger [v IREDIRING
IRK,  to annoy or weary [v -ED-ING
ISH,  in Scots lawissue or expiry [n -ES]
ISM,  a distinctive theory or doctrine [n -S]
ISO,  (short for) an isolated replaya TV and film facility [n -S]
ITA,  the miriti palm [n -S]
ITS,  possessive form of IT [pron]
IVY,  a climbing vine [n IVIES]
IWI,  (Maori) a large Maori tribe (sometimes the whole Maori nation) [n -S]
JAB,  to poke sharply [v JABBEDJABBING
JAG,  to cut unevenlyalso JAGG [v JAGGED
JAI,  (Hindi) onward to victory [interj]
JAK,  an East Indian tree of the breadfruit familyalso JACKFRUIT
JAM,  to force together tightly [v JAMMEDJAMMING
JAP,  to splash or spatteralso JAUP [v JAPPED
JAR,  to vibrate from an impact [v JARREDJARRING
JAW,  to chatter at length [v -ED-ING
JAY,  a corvine birdalso JAYBIRD [n -S]
JEE,  of horsesto urge on
JET,  to spurt forth in a stream [v JETTEDJETTING
JEU,  (French) a game [n JEUX]
JEW,  (offensive) to barter successfully [v -ED-ING
JIB,  to draw backto renegue [v -ED
JIG,  to dance a jig; to jump up and down [v JIGGEDJIGGING
JIN,  (Arabic) a supernatural being in Muslim mythologyalso DJIN
JIZ,  a wigalso GIZZ [n JIZZES]
JOB,  to do piece work [v JOBBEDJOBBING
JOE,  (Scots) a loved onealso JO [n -S]
JOG,  to run at a slowsteady pace [v JOGGED
JOL,  (South African slang) to have a good time [v JOLLEDJOLLING
JOR,  in Indian musicthe second movement of a raga [n -S]
JOT,  to note quickly [v JOTTEDJOTTING
JOW,  to ringtoll a bell [v -ED
JOY,  to rejoice [v -ED-ING
JUD,  a mass of coal ready for removal [n -S]
JUG,  to stew in a closed container [v JUGGEDJUGGING
JUN,  a North Korean coin [n JUN]
JUS,  (Latin) a law or legal right [n JURA]
JUT,  to projectstick out [v JUTTED
KAB,  an ancient Hebrew unit of measure [n -S]
KAE,  (Scots) to servealso KA [v KAED
KAF,  (Hebrew) the eleventh letter of the Hebrew alphabetalso CAPH
KAI,  (Maori) in New Zealanda meal
KAK,  (vulgar South African) faecesrubbish
KAM,  (Shakespeare) crookedawry
KAS,  KAto serve
KAT,  (Arabic) a shrub of East AfricaArabia
KAW,  to cry like a crowalso CAW [v -ED
KAY,  the letter K [n -S]
KEA,  a large New Zealand parrot [n -S]
KEB,  to give birth to a premature lamb [v KEBBEDKEBBING
KED,  a wingless fly that infests sheepalso KADE [n -S]
KEF,  (Arabic) a state of dreamy intoxication induced by e.g. cannabisalso KAIF
KEG,  a small barrel [n -S] / to store in a keg [v KEGGEDKEGGING
KEN,  to know [v KENNEDKENNING
KEP,  (Scots) to catch [v KEPPIT or KEPPEDKEPPEN or KIPPEN
KET,  (Scots) carrionrotting flesh [n -S]
KEX,  the hollow stalk of an umbelliferous plantsuch as the cow parsnip or the hemlock
KEY,  crucial [adj KEYERKEYEST] / to enter (data) into a computer [v -ED
KHI,  the twenty-second letter of the Greek alphabetalso CHI [n -S]
KID,  to teasedeceive [v KIDDED
KIF,  (Arabic) a state of dreamy intoxication induced by e.g. cannabisalso KAIF
KIN,  a group of persons of common ancestry [n -S]
KIP,  to sleep [v KIPPEDKIPPING
KIR,  a wine and blackcurrant drink [n -S]
KIS,  KI(Japanese) the spirit of martial art [n]
KIT,  to equipfit out [v KITTED
KOA,  a Hawaiian acacia tree [n -S]
KOB,  a reddish brown antelope [n -S]
KOI,  (Japanese) a large Japanese carp [n -S]
KON,  (Spenser) to knowalso CON
KOP,  (South African) a hill [n -S]
KOR,  a Hebrew unit of measure [n -S]
KOS,  a measure of distance in Indiaalso COSS
KOW,  a branch of twigs [n -S]
KUE,  the letter Q [n -S]
KYE,  a Korean village fund which lends for weddingsfunerals etc. [n -S]
KYU,  a novice grade in judo [n -S]
LAB,  (short for) a laboratory [n -S]
LAC,  a dark red resinous substance secreted by some insects [n -S]
LAD,  a boy or youth [n -S]
LAG,  to fall behind [v LAGGEDLAGGING
LAH,  a musical notealso LA [n -S]
LAM,  to beat [v LAMMEDLAMMING
LAP,  to extend beyond some limit [v LAPPEDLAPPING
LAR,  the god of a house [n LARS or LARES]
LAS,  LAthe sixth tone of the diatonic scale
LAT,  (short for) latrine [n -S] / a Latvian unit of currency [n LATI or LATU]
LAV,  (short for) lavatory [n -S]
LAW,  (Scots) low [adj LAWERLAWEST] / (obsolete) to take to court [v -ED
LAX,  slackcareless [adj LAXER
LAY,  to deposit as a wager [v LAID or LAYEDLAYING
LEA,  a meadow or pasturealso LEY [n -S]
LED,  LEADto go in advance [v]
LEE,  (Scots) to liemake a false statement [v LEED
LEG,  to walk briskly [v LEGGEDLEGGING
LEI,  a garland of flowers [n -S]
LEK,  to gather at a piece of ground for display purposes [v LEKKEDLEKKING
LEP,  (dialect) to leap [v LEPPEDLEPT
LES,  (short for) a lesbianalso LEZ
LET,  to allow [v LET or (Scots) LOOT(Scots) LUIT
LEU,  a monetary unit of Romania [n LEI]
LEV,  a unit of Bulgarian currencyalso LEW [n LEVA
LEW,  a unit of Bulgarian currencyalso LEV [n LEVA]
LEX,  (Latin) law [n LEXES or LEGES]
LEY,  a meadowalso LEA [n -S]
LEZ,  (short for) a lesbianalso LES
LIB,  to geld [v LIBBEDLIBBING
LID,  a coverhinged or separate
LIE,  to make an intentional false statement [v LIEDLYING
LIG,  to liealso LIGGE [v LIGGED
LIN,  to cease [v LINNEDLINNING
LIP,  to touch with the flesh around the mouth [v LIPPEDLIPPING
LIS,  a heraldic fleur-de-lis [n LISSES]
LIT,  a former monetary unit of Lithuaniaalso LITAS [n -S]
LOB,  to hit a ball in a high arc [v LOBBEDLOBBING
LOD,  the logarithm of the oddsused in statistics [n -S]
LOG,  to fell timber [v LOGGEDLOGGING
LOO,  to lovealso LOU [v -ED
LOP,  to cut the tops off branches [v LOPPEDLOPPING
LOR,  (colloquial) for lordan interjection expressing surprise [interj]
LOS,  (obsolete) praise [n -ES]
LOT,  to separate into batches [v LOTTEDLOTTING
LOU,  (Scots) to lovealso LOO [v -ED
LOW,  to utter the sound of cattle [v -ED-ING
LOX,  to supply with loxygen (liquid oxygen) [v -ED-ING
LOY,  a longnarrow spade with a footrest on one side of the handle [n -S]
LUD,  lordused when addressing a judge
LUG,  to drag heavily [v LUGGEDLUGGING
LUM,  (Scots) a chimney [n -S]
LUN,  a leea sheltered place [n -S]
LUR,  a Bronze Age trumpet [n -S]
LUV,  (colloquial) to love [v LUVVEDLUVVING
LUX,  a unit of illumination [n LUXES or LUCES] / to clean with a vacuum cleaner [v -ED-ING
LUZ,  a supposedly indestructible bone in the sacrum [n LUZZES]
LYE,  a strongly alkaline solution obtained by leaching [n -S]
LYM,  (Shakespeare) a kind of bloodhoundalso LYAM
MAA,  to bleat like a goat [v -ED-ING
MAC,  (short for) mackintoshalso MACK [n -S]
MAD,  insane [adj MADDERMADDEST
MAE,  (Scots) more [n -S]
MAG,  to tease; to stealalso MAGG [v MAGGED
MAK,  (Scots) to make [v MADEMAKING
MAL,  (French) painsickness [n -S]
MAM,  (dialect) mother [n -S]
MAN,  an adult human male [n MEN] / to provide with workers [v MANNED or (Spenser) MANDMANNING
MAP,  to plan a layout of [v MAPPEDMAPPING
MAR,  to spoil or damage [v MARRED or (Spenser) MARDMARRING
MAS,  a house or home in the south of France [n MAS]
MAT,  to tangle closely [v MATTEDMATTING
MAW,  (US) to mow [v -ED-ING
MAX,  to reach an upper limit [v -ED-ING
MAY,  to gather flowers in the spring [v -ED-ING
MED,  (short for) medicalmedicine [n -S]
MEE,  (Chinese) a Malaysian noodle food [n -S]
MEG,  (archaic) a halfpennyalso MAIK
MEH,  mediocre or boring; an expression of indifference or boredom [interj]
MEL,  honey [n -S]
MEM,  the thirteenth letter of the Hebrew alphabet [n -S]
MEN,  MANan adult human male [n]
MES,  MEthe third note of the musical scale
MET,  (short for) meteorology [n -S]
MEU,  the plant baldmoney [n -S]
MEW,  of a catto make a high pitched cry [v -ED
MHO,  a unit of electrical conductance [n -S]
MIB,  a type of playing marblealso MIG
MIC,  (short for) a microphone [n -S]
MID,  the middle [n -S]
MIG,  a type of playing marblealso MIB
MIL,  a unit of wire measurement [n -S]
MIM,  primdemure
MIR,  a Russian peasant commune [n MIRS or MIRI]
MIS,  MIthe third note of the musical scale
MIX,  to combine together [v MIXED or MIXTMIXING
MIZ,  (colloquial) miseryalso MIZZ [n MIZZES]
MMM,  an interjection expressing agreement or enjoymentalso MM [interj]
MNA,  a Greek weight [n -S]
MOA,  an extinct flightless bird [n -S]
MOB,  to crowd about [v MOBBEDMOBBING
MOC,  (short for) moccasin [n -S]
MOD,  to modify a machine or piece of software [v MODDEDMODDING
MOE,  (obsolete) a wry face [n -S]
MOG,  to move away [v MOGGEDMOGGING
MOI,  (French) used to express surprise [interj]
MOL,  a unit of molecular concentration [n -S]
MOM,  (US colloquial) mother [n -S]
MON,  (Japanese) a family badge or crest [n MON]
MOO,  to make the sound of a cow [v -ED-ING
MOP,  to clean with a sponge on a stick [v MOPPEDMOPPING
MOR,  a forest humus [n -S]
MOS,  MOa moment [n]
MOT,  (French) a witty saying [n -S]
MOU,  (Scots) a mouth [n -S]
MOW,  to cut down a crop [v MOWEDMOWN
MOY,  (Shakespeare) a coin or a measure [n -S]
MOZ,  (Australian slang) bad luckalso MOZZ [n MOZZES]
MUD,  to cover with soft wet earth [v MUDDEDMUDDING
MUG,  to assault with intent to rob [v MUGGEDMUGGING
MUM,  to act in a disguisealso MUMM [v MUMMED
MUN,  (dialect) a man [n -S]
MUS,  MU(Greek) a letter of the Greek alphabet [n]
MUT,  a mongrel dogalso MUTT [n -S]
MUX,  to spoilbotch [v -ED
MYC,  a cancer-causing gene [n -S]
NAB,  to seize [v NABBEDNABBING
NAE,  (Scots) no [n NAES]
NAG,  to find fault incessantly [v NAGGEDNAGGING
NAH,  (colloquial) no [interj]
NAM,  the action of taking another's goods by distraintalso NAAM [n -S]
NAN,  (Hindi) a kind of slightly leavened Indian breadalso NAAN [n -S]
NAP,  to sleep briefly [v NAPPEDNAPPING
NAS,  (obsolete) contraction of ne hashas not and ne was
NAT,  (colloquial) a nationalist [n -S]
NAV,  (short for) navigation [n -S]
NAW,  (colloquial) no [interj]
NAY,  a negative vote [n -S]
NEB,  of birdsto touch bills [v NEBBED
NED,  a young hooligan [n -S]
NEE,  of a womanborn with the name of [adj]
NEF,  an elaborate table decoration in the shape of a ship for holding such things as table napkins and condiments [n -S]
NEG,  a photographic negative [n -S]
NEK,  (South African) a cola pass in a mountain range [n -S]
NEP,  (dialect) catminta plant attractive to cats [n -S]
NET,  to catch in an openwork fabric [v NETTEDNETTING
NEW,  of recent origin [adj NEWERNEWEST
NIB,  to provide with a penpoint [v NIBBEDNIBBING
NID,  a pheasant's nest or broodalso NIDE [n -S]
NIE,  (obsolete) to nighapproach
NIL,  nothing [n -S]
NIM,  to take or steal [v NIMMEDNIMMING
NIP,  to pinch lightly [v NIPPEDNIPPING
NIS,  in Scandinavian folklorea brownie or goblin
NIT,  the egg of a parasitic insect [n -S]
NIX,  to veto [v -ED-ING
NOB,  a wealthy person [n -S]
NOD,  to give a quick forward motion of the head [v NODDEDNODDING
NOG,  to fill a space in a wall with bricks [v NOGGEDNOGGING
NOH,  (Japanese) the classical drama of Japan [n NOH]
NOM,  (French) a name [n -S]
NON,  (Latin) not [adj]
NOO,  (Scots) now [adv]
NOR,  and not [conj]
NOS,  NOa negative reply or vote [n]
NOT,  in no way [adv]
NOW,  the present time [n -S]
NOX,  (short for) nitrogen oxide [n -ES]
NOY,  (Spenser) to annoy [v -ED-ING
NTH,  pertaining to an indefinitely large ordinal number [adj]
NUB,  (obsolete) to hang [v NUBBEDNUBBING
NUG,  a chunk of wood sawn from a log [n -S]
NUN,  a woman belonging to a religious order [n -S]
NUR,  a knot in woodalso KNAR
NUS,  NU(Greek) a Greek letter [n]
NUT,  to gather hard-shelled dry fruit [v NUTTEDNUTTING
NYE,  to draw nearapproach
NYM,  as in nym wara dispute about the right to publish material on the internet under a fictitious name [adj]
NYS,  (Spenser) is not [v]
OAF,  a clumsystupid person [n OAFS or OAVES]
OAK,  a hardwood tree [n -S]
OAR,  to propel a boat with longbroad-bladed poles [v -ED
OAT,  a kind of cereal grass [n -S]
OBA,  a West African ruler [n -S]
OBE,  a form of West Indian witchcraftalso OBEAH
OBI,  a form of West Indian witchcraftalso OBE
OBO,  a vessel for carrying oil and bulk ore [n -S]
OBS,  OB(short for) an objection [n]
OCA,  a South American wood-sorrel with edible tubers [n -S]
OCH,  (Scots) an interjection expressing regret or impatiencealso ACH [interj]
ODA,  (Turkish) a room in a haremalso ODAH [n -S]
ODD,  strangeunpaired [adj ODDER
ODE,  an elaborate lyric addressed to someone or something [n -S]
ODS,  ODa hypothetical force supposed by Reichenbach to account for magnetism etc. [n]
OES,  OE(Scots) a grandchild
OFF,  to go away [v -ED-ING
OFT,  often [adv OFTEROFTEST]
OHM,  a unit of electrical resistance [n -S]
OHO,  an expression of surprise [interj]
OHS,  OHto exclaim in surprise [v]
OIK,  an inferior person [n -S]
OIL,  to lubricate with a greasy substance [v -ED-ING
OIS,  OIa New Zealand bird
OKA,  a Turkish unit of weightalso OKE [n -S]
OKE,  a Turkish unit of weightalso OKA [n -S]
OLD,  a person of a specified age [n -S] / living for a long time [adj OLDEROLDEST]
OLE,  (Spanish) a shout of approval [n -S]
OLM,  a kind of blind cave-dwelling salamander [n -S]
OMA,  (German) a grandmotheralso OUMA [n -S]
OMS,  OMan intoned Hindu sacred symbol [n]
ONE,  an individual thing or person; the number or figure 1 [n -S]
ONO,  (Hawaiian) a kind of fish [n -S]
ONS,  ONto go on [v]
ONY,  (Scots) anyalso ONIE [adj]
OOF,  (Yiddish) moneyalso OOFTISH [n -S]
OOH,  to express surprise [v -ED-ING
OOM,  (South African) uncle [n -S]
OON,  (Scots) an oven [n -S]
OOP,  to bind with threadalso OUP [v -ED
OOR,  (Scots) ourbelonging to us [adj]
OOS,  OO(Scots) wool [n]
OOT,  (Scots) out [n -S]
OPA,  (German) a grandfatheralso OUPA [n -S]
OPE,  to open [v OPEDOPING
OPS,  OP(short for) an operation [n]
OPT,  to decide or choose [v -ED-ING
ORA,  OS(Latin) a bone [n]
ORB,  to form into a sphere [v -ED-ING
ORC,  a killer whalealso ORCA [n -S]
ORD,  (obsolete) a point of a weapon [n -S]
ORE,  rock containing a valuable metalalso OWRE [n -S]
ORF,  a viral infection of sheep [n -S]
ORG,  (short for) an organization [n -S]
ORS,  ORthe heraldic tincture gold [n]
ORT,  a leftover from a meal [n -S]
OSE,  an eskera narrow ridge of gravel and sand [n -S]
OUD,  an African stringed instrument [n -S]
OUK,  (Scots) a weekalso OULK [n -S]
OUP,  to bind with threadalso OOP [v -ED
OUR,  belonging to usalso OOR [adj]
OUS,  OU(South African) a man
OUT,  to reveal [v -ED-ING
OVA,  OVUMthe female reproductive cell [n]
OWE,  to be indebted for [v OWEDOWING
OWL,  to smuggle wool or sheep [v -ED-ING
OWN,  to have as a possession [v -ED-ING
OWT,  (dialect) anythingalso AUGHT
OXO,  of compoundscontaining oxygen
OXY,  a powerful analgesic drugsynthesized from thebaine [n OXIES]
OYE,  a grandchildalso OE
OYS,  OY(Scots) a grandchild
PAC,  a shoe patterned after a moccasin [n -S]
PAD,  to stuff or fill with soft material [v PADDEDPADDING
PAH,  (Maori) a hill fortalso PA [n -S]
PAK,  (colloquial) a pack [n PAKS]
PAL,  to associate as friends [v PALLEDPALLING
PAM,  the jack of clubs in certain card games [n -S]
PAN,  to criticize harshly [v PANNEDPANNING
PAP,  to feed with soft mash [v PAPPEDPAPPING
PAR,  to score a certain number of golf strokes [v PARREDPARRING
PAS,  (French) a step [n PAS]
PAT,  hitting the mark precisely [adj PATTERPATTEST
PAV,  (short for) a pavlovaa type of dessert consisting of a meringue base topped with whipped cream [n -S]
PAW,  to draw the forefoot along the ground [v -ED-ING
PAX,  (Latin) peacea truce [n -ES]
PAY,  to give money in exchange for goods or services [v PAIDPAYING
PEA,  the edible seed of an annual herb [n -S]
PEC,  (colloquial) a pectoral muscle [n -S]
PED,  a natural soil aggregate [n -S]
PEE,  to urinate [v PEEDPEEING
PEG,  to fasten with a wooden pin [v PEGGEDPEGGING
PEH,  a Hebrew letteralso FE
PEL,  an earliernow less common
PEN,  to writeor commit to paper [v PENNED
PEP,  to fill with energy [v PEPPEDPEPPING
PER,  for each [prep]
PES,  a foot or footlike part [n PEDES]
PET,  to caress with the hand [v PETTEDPETTING
PEW,  a bench for seating people in church [n -S]
PHI,  a Greek letter [n -S]
PHO,  a Vietnamese noodle soup [n -S]
PHT,  used as an expression of annoyancealso PHPHT [interj]
PIA,  a membrane of the brain [n -S]
PIC,  (colloquial) a picture [n PICS or PIX]
PIE,  to mix printing type indiscriminatelyalso PI
PIG,  to give birth to cloven-hoofed mammals [v PIGGEDPIGGING
PIN,  a piece of wood or metal used for fastening [n -S] / to fasten with a pin [v PINNEDPINNING
PIP,  to offend or disgust [v PIPPEDPIPPING
PIR,  a Muslim title of honourgiven to a holy man [n -S]
PIS,  PIto mix type indiscriminately [v]
PIT,  to mark with depressions [v PITTEDPITTEN or PUTTEN
PIU,  (Italian) more (a musical direction) [adv]
PIX,  a container for communion breadalso PYX [n -ES]
PLU,  (Canadian) a beaver pelt for tradingalso PLUE
PLY,  to bend or fold [v PLIEDPLYING
POA,  a meadow-grass plant [n -S]
POD,  to produce seed coverings [v PODDEDPODDING
POH,  to reject contemptuously [v -ED-ING
POI,  a Hawaiian food [n -S]
POL,  a politician [n -S]
POM,  (colloquial) a Pomeranian dog [n -S]
POO,  (vulgar slang) to defecate [v -ED-ING
POP,  to make a sharpsmall
POS,  (colloquial) positivealso POZ
POT,  to put into a rounddeep container [v POTTED
POW,  (Scots) the head [n -S]
POX,  to infect with syphilis [v -ED-ING
POZ,  (colloquial) positivealso POS
PRE,  before [prep]
PRO,  (short for) a professionalor prostitute [n -S]
PRY,  to inquire impertinently into private matters [v PRIEDPRYING
PSI,  a Greek letter [n -S]
PST,  an interjection used to attract attentionalso PSST [interj]
PUB,  to go to a public bar [v PUBBEDPUBBING
PUD,  (colloquial) pudding [n -S]
PUG,  to fill in with clay or mortar [v PUGGEDPUGGING
PUH,  (Shakespeare) an interjection expressing disgustalso PUGH [interj]
PUL,  a coin of Afghanistan [n PULS or PULI]
PUN,  to make a play on words [v PUNNEDPUNNING
PUP,  to give birth to puppies [v PUPPEDPUPPING
PUR,  to utter a lowvibrant sound
PUS,  a viscous fluid formed in infected tissue [n -ES]
PUT,  to place in position [v PUTTED or PUTPUTTING
PUY,  a small volcanic cone [n -S]
PWN,  (slang) to dominate or humiliate an opponent esp. in online gaming [v -ED-ING
PYA,  a copper coin of Burma [n -S]
PYE,  to mix printing type indiscrimatelyalso PI
PYX,  to test newly minted coins [v -ED-ING
QAT,  (Arabic) a shrub of East AfricaArabia
QIN,  (Chinese) a kind of Chinese zither with silken stringsalso GUQIN [n -S]
QIS,  QI(Chinese) a life force
QUA,  (Latin) the capacity of [adv]
RAD,  afraid [adj RADDERRADDEST] / to fear [v RADDED
RAG,  to tease or ridicule [v RAGGEDRAGGING
RAH,  to cheer on a team or player [v -ED-ING
RAI,  a modern North African form of popular music [n -S]
RAJ,  in Indiasovereignty [n -ES]
RAM,  to thrust roughly with force [v RAMMEDRAMMING
RAN,  RUNto move by rapid steps [v]
RAP,  to strike sharply [v RAPPEDRAPPING
RAS,  an Ethiopian prince [n -ES]
RAT,  to hunt long-tailed rodents [v RATTEDRATTING
RAV,  (Hebrew) a rabbiesp. one in authority; a teacher or mentor [n -S]
RAW,  uncooked [adj RAWERRAWEST
RAX,  to stretch out [v -ED-ING
RAY,  to emit a narrow beam of light [v -ED-ING
REB,  a Confederate soldier [n -S]
REC,  a recreation ground [n -S]
RED,  the colour of blood [adj REDDERREDDEST
REE,  (Scots) a walled enclosure for sheep [n -S]
REF,  to referee [v REFFEDREFFING
REG,  (short for) a regulation [n -S]
REH,  an accumulation of salts on soil [n -S]
REI,  a former Portuguese coin [n -S]
REM,  a unit of radiation dosage [n -S]
REN,  (obsolete) to runalso RENNE
REO,  (Maori) language [n -S]
REP,  to act as a commercial representative [v REPPEDREPPING
RES,  (short for) (a Native American) reservationalso REZ [n -ES]
RET,  to expose to moisture [v RETTEDRETTING
REV,  to increase the speed of [v REVVEDREVVING
REW,  (Spenser) a row [n -S]
REX,  a king [n REGES] / an animal with a single wavy layer of hair [n REXES]
REZ,  (short for) a (Native American) reservationalso RES [n REZES or REZZES]
RHO,  a letter of the Greek alphabet [n -S]
RHY,  (Spenser) rye [n RHIES]
RIA,  a longnarrow inlet [n -S]
RIB,  to poke fun at [v RIBBEDRIBBING
RID,  to free or clear [v RIDDEDRIDDING
RIF,  to dismiss from employment [v RIFFEDRIFFING
RIG,  to equip or fit with sails [v RIGGEDRIGGING
RIM,  to provide with an outer edge [v RIMMEDRIMMING
RIN,  (Scots) to run [v RUNRAN
RIP,  to tear apart roughly [v RIPPED or (obsolete) RIPTRIPPING
RIT,  (Scots) to scratchscore
RIZ,  RISEto move upward [v]
ROB,  to steal [v ROBBEDROBBING
ROC,  an enormous bird of Arabian legendalso ROK
ROD,  to clear a drain with a long slender pole [v RODDEDRODDING
ROE,  a mass of fish eggs [n -S]
ROK,  an enormous bird of Arabian legendalso ROC
ROM,  a gypsy man [n ROMA or ROMS]
ROO,  (short for) kangaroo [n -S]
ROT,  to decompose [v ROTTEDROTTING
ROW,  to propel by means of oars [v -ED-ING
RUB,  to apply friction [v RUBBEDRUBBING
RUC,  an enormous bird of Arabian legendalso ROC
RUD,  (Spenser) to redden [v RUDDEDRUDDING
RUE,  to feel sorrow or remorse for [v RUEDRUING or RUEING
RUG,  (Scots) to pull roughly [v RUGGEDRUGGING
RUM,  odddroll [adj RUMMER
RUN,  to move by rapid steps [v RANRUN
RUT,  to make grooves in [v RUTTEDRUTTING
RYA,  a Scandinavian handwoven rug [n -S]
RYE,  a cereal grassalso RHY [n -S]
RYU,  (Japanese) a school of Japanese martial arts [n -S]
SAB,  (Scots) to sob [v SABBEDSABBING
SAC,  in biologya baglike structure [n -S]
SAD,  unhappy [adj SADDERSADDEST
SAE,  (Scots) so [adv]
SAG,  to bend or give way [v SAGGEDSAGGING
SAI,  the capuchin monkey [n -S]
SAL,  a large North Indian tree [n -S]
SAM,  (Spenser) to gather [v SAMMEDSAMMING
SAN,  (short for) a sanatorium [n -S]
SAP,  to deprive of strength [v SAPPEDSAPPING
SAR,  (Scots) to savouralso SAIR [v -ED
SAT,  SITto rest on the buttocks [v]
SAU,  a monetary unit of Vietnamalso XU [n SAU]
SAV,  (short for) a saveloya highly seasoned sausage
SAW,  to cut with a jagged-edged tool [v SAWEDSAWN
SAX,  a chopper for trimming slatealso ZAX
SAY,  to utter in wordsspeak [v SAID or (obsolete) SED
SAZ,  a stringed instrument of the Middle East [n SAZES or SAZZES]
SEA,  a great expanse of water [n -S]
SEC,  (short for) a second [n -S]
SED,  SAYto utter in words
SEE,  to observe with the eyes [v SAWSEEN
SEG,  a stud in the sole of a shoe [n -S]
SEI,  a kind of rorqual whale [n -S]
SEL,  (Scots) self [n -S]
SEN,  (Japanese) a monetary unit of Japan [n SEN]
SER,  an Indian unit of weight [n -S]
SET,  to put in a particular position [v SETSETTING
SEV,  (Hindi) an Indian food of deep-fried strands of flour [n -S]
SEW,  to mend or fasten with a needle and thread [v SEWEDSEWN
SEX,  to assess organisms according to reproductive functions [v -ED-ING
SEY,  a part of a carcase of beef [n -S]
SEZ,  SAYto utter in words
SHA,  an interjection requesting silencealso SH
SHE,  a female person [n -S]
SHH,  an interjection requesting silencealso SH
SHO,  a nonstandard spelling of surerepresenting its pronunciation in the southern US [adj]
SHY,  embarrassedbashful [adj SHIER or SHYER
SIB,  a blood relationa kinsman
SIC,  to incite a dog to attackalso SICK [v SICCED
SIF,  (South African) disgusting (syphilitic) [adj]
SIG,  a short personalized message at the end of an emaila signature [n -S]
SIK,  (Australian slang) excellent [adj]
SIM,  (short for) simulation or for Simeonitean evangelical follower of Charles Simeon [n -S]
SIN,  to offend against moral or religious law [v SINNEDSINNING
SIP,  to drink in small quantities [v SIPPEDSIPPING
SIR,  to use a respectful form of address to a man [v SIRREDSIRRING
SIS,  (short for) sisteralso SISS [n -ES]
SIT,  to rest on the buttocks [v SAT or (obsolete) SATESITTEN
SIX,  a number [n -ES]
SKA,  a form of Jamaican music similar to reggae [n -S]
SKI,  to travel over snow on narrow strips of woodalso SKEE [v -ED
SKY,  to hit or throw towards the upper atmosphere [v SKIED or SKYEDSKYING
SLY,  cunningwily; surreptitious [adj SLIER or SLYER
SMA,  (Scots) small [adj]
SNY,  (Canadian) a side channel of a riveralso SNYE [n SNIES]
SOB,  to cry with a convulsive catching of the breath [v SOBBEDSOBBING
SOC,  the right of holding a local court [n -S]
SOD,  to cover with turf [v SODDEDSODDING
SOG,  (dialect) to soak [v SOGGEDSOGGING
SOH,  the fifth note of the musical scalealso SO
SOL,  the fifth tone of the scalealso SO
SOM,  a monetary unit of Kyrgyzstan [n SOMS or SOMY]
SON,  a male offspring [n -S]
SOP,  to dip or soak in a liquid [v SOPPEDSOPPING
SOS,  SOthe fifth tone of the scale
SOT,  to play the drunken fool [v SOTTEDSOTTING
SOU,  (French) a former French coin [n -S]
SOV,  (short for) a sovereigna gold coin [n -S]
SOW,  to scatter seeds for a crop [v SOWEDSOWN
SOX,  (slang) socks [n]
SOY,  a darksalty sauce made from fermented beans and wheat flour
SOZ,  (short for) sorry [interj]
SPA,  a resort with a mineral spring [n -S] / to stay at a spa [v -ED-ING
SPY,  to watch secretlyalso SPIE [v SPIED or (obsolete) SPIDE
SRI,  (Sanskrit) in Indiaa title of great respect given to a man
STY,  to keep in a pigpen [v STIED or STYEDSTYED
SUB,  to act as a substitute [v SUBBEDSUBBING
SUD,  a froth of soapy water [n -S]
SUE,  to institute legal proceedings against [v SUEDSUING
SUG,  to attempt to sell a product while purporting to be engaged in market research [v SUGGEDSUGGING
SUI,  (Latin) of himselfitself [pron]
SUK,  (Arabic) an Arab marketplacealso SUKH
SUM,  a monetary unit of Uzbekistan [n SUMY] / to addmake up the total of [v SUMMED
SUN,  to expose to sunlight [v SUNNEDSUNNING
SUP,  to eat supper [v SUPPEDSUPPING
SUQ,  (Arabic) an Arab marketplacealso SUK
SUR,  (French) onabove [prep]
SUS,  to arrest for suspicious behaviouralso SUSS [v SUSED or SUSSED
SWY,  (Australian) the Australian game of two-up [n SWIES]
SYE,  to strain [v SYEDSYEING
SYN,  since [prep]
TAB,  to provide with an identifying mark [v TABBEDTABBING
TAD,  a small amount [n -S]
TAE,  (Scots) to toe the line [v TAEDTAEING
TAG,  to provide with an identifying marker [v TAGGEDTAGGING
TAI,  (Japanese) a Japanese sea bream [n -S]
TAJ,  a dervish's tall conical cap [n -ES]
TAK,  (Scots) to take [v TAKENTOOK
TAM,  a tight-fitting Scottish cap [n -S]
TAN,  brown [adj TANNERTANNEST] / to become brown in the sun [v TANNED
TAO,  (Chinese) a path of virtuous conduct in Chinese philosophy [n -S]
TAP,  to strike gently [v TAPPEDTAPPING
TAR,  to cover with a viscous black liquid [v TARREDTARRING
TAS,  TAan expression meaning thank you [n]
TAT,  to make lacealso TATT [v TATTED
TAU,  a Greek letter [n -S]
TAV,  a letter of the Hebrew alphabet [n -S]
TAW,  to convert into white leather with minerals [v -ED-ING
TAX,  to impose a charge for public purposes [v -ED-ING
TAY,  (dialect) tea [n -S]
TEA,  to drink a beverage made with tea leaves and boiling water [v -ED-ING
TEC,  (slang) a detective [n -S]
TED,  to spread hay for drying [v TEDDEDTEDDING
TEE,  to place a golf ball on a small peg [v TEEDTEEING
TEF,  (Amharic) a kind of cereal grassalso TEFF [n -S]
TEG,  a sheep in its second yearalso TEGG [n -S]
TEL,  in Arab landsa hill or ancient mound formed from the accumulated debris from earlier mud or wattle habitations [n -S]
TEN,  the next whole number after nine [n -S]
TES,  TE(in tonic sol-fa) the seventh degree of any major scale [n]
TET,  (Hebrew) a letter of the Hebrew alphabetalso TETH [n -S]
TEW,  to hustle [v -ED-ING
TEX,  a unit of linear density of yarn1 gramme per kilometre [n -ES]
THE,  the definite article [adj]
THO,  (Spenser) those [adj]
THY,  possessive form of thou [pron]
TIC,  to twitch [v TICCEDTICCING
TID,  (Scots) a moodstate of mind [n -S]
TIE,  to fasten [v TIEDTIEING or TYING
TIG,  to touch [v TIGGEDTIGGING
TIK,  (South African) the drug methamphetamine in crystal form [n -S]
TIL,  the sesame plantalso TEEL [n -S]
TIN,  to coat with a metallic element [v TINNEDTINNING
TIP,  to give a gratuity [v TIPPED or (obsolete) TIPTTIPPING
TIS,  TIthe seventh tone of the diatonic musical scale [n]
TIT,  to tug [v TITTEDTITTING
TIX,  (slang) tickets [n]
TIZ,  a state of confusionalso TIZZ
TOC,  telecommunications code for the letter T [n -S]
TOD,  a weight used in the wool tradeusually 28 pounds or 2 stone [n -S] / to yield a tod [v TODDED
TOE,  to touch with projecting members of the foot [v TOEDTOEING
TOG,  to clothe [v TOGGEDTOGGING
TOM,  to engage in prostitution [v TOMMEDTOMMING
TON,  a unit of weight [n -S]
TOO,  in addition [adv]
TOP,  to cut off the highest point [v TOPPEDTOPPING
TOR,  a highcraggy hill [n -S]
TOT,  to total [v TOTTEDTOTTING
TOW,  to pull by means of a chain or rope [v -ED-ING
TOY,  to amuse oneself with a child's plaything [v -ED-ING
TRY,  to attempt [v TRIED or (obsolete) TRIDETRYING
TSK,  to utter an exclamation of annoyancealso TSKTSK [v -ED
TUB,  to wash in a large receptacle [v TUBBEDTUBBING
TUG,  to pull with force [v TUGGEDTUGGING
TUI,  (Maori) a New Zealand birda honey guide [n -S]
TUM,  (colloquial) the stomachalso TUMMY [n -S]
TUN,  to store in a large cask [v TUNNEDTUNNING
TUP,  to copulate with a ewe [v TUPPEDTUPPING
TUT,  to utter an exclamation of impatience [v TUTTEDTUTTING
TUX,  (short for) tuxedoa dinner jacket [n -ES]
TWA,  (Scots) twoalso TWAE
TWO,  the next whole number after one [n -S]
TWP,  (Welsh) dimwitted or stupid [adj]
TYE,  to wash in a trough [v TYEDTYEING
TYG,  an old drinking-cup with two or more handles [n -S]
UDO,  (Japanese) a Japanese species of aralia [n -S]
UDS,  (archaic) an old interjection meaning 'God Save' [interj]
UEY,  (Australian slang) a U-turn [n -S]
UFO,  an unidentified flying object [n -S]
UGH,  the sound of a cough or grunt [n -S]
UGS,  UGto arouse loathing in [v]
UKE,  (short for) ukelelea small guitar-like instrument [n -S]
ULE,  a Central American rubber treealso HULE [n -S]
ULU,  (Inuit) an Inuit knife [n -S]
UME,  (Japanese) a fleshy yellow fruitsimilar to an apricot but having a sour flavour
UMM,  an interjection expressing doubt or hesitationalso UM [interj]
UMP,  (short for) to umpire [v -ED-ING
UMS,  UMto express doubt or hesitation
UMU,  (Maori) a type of Maori ovenaka hangi [n -S]
UNI,  (short for) university [n -S]
UNS,  UN(dialect) a spelling of 'one' intended to reflect a dialectal or informal pronunciation [n]
UPO,  upon [prep]
UPS,  UPto raise [v]
URB,  an urban area [n -S]
URD,  an annual bean grown in India [n -S]
URE,  (obsolete) an extinct wild ox [n -S]
URN,  a vase for the ashes of the dead [n -S] / to place in an urn [v -ED-ING
URP,  (slang) to vomit [v -ED-ING
USE,  to put into service [v USEDUSING
UTA,  any of a genus of large lizards [n -S]
UTE,  (Australian slang) a utility vehiclea small truck [n -S]
UTS,  UTthe musical tone C [n]
UTU,  (Maori) a settlement of a debt [n -S]
UVA,  a grape or grapelike berry [n UVAE or UVAS]
VAC,  to clean with a vacuum cleaner [v VACKEDVACKING
VAE,  in Orkney or Shetlanda bay or creek
VAG,  (Australian slang) to arrest someone for vagrancy [v VAGGEDVAGGING
VAN,  to transport in a type of motor vehicle [v VANNEDVANNING
VAR,  a unit of reactive power [n -S]
VAS,  (Latin) an anatomical duct [n VASA]
VAT,  to put into a large container for holding liquids [v VATTEDVATTING
VAU,  the sixth letter of the Hebrew alphabetalso VAV
VAV,  (Hebrew) a letter of the Hebrew alphabetalso VAW [n -S]
VAW,  (Hebrew) a letter of the Hebrew alphabetalso VAV [n -S]
VAX,  (short for) vaccination or vaccine [n -ES]
VEE,  the letter V [n -S]
VEG,  a vegetable [n VEGES or VEGGES] / to laze about [v VEGGEDVEGGING
VET,  to treat animals medically [v VETTEDVETTING
VEX,  to distress or annoy [v VEXED or (obsolete) VEXTVEXING
VIA,  (Latin) a way [n VIAS or VIAE]
VID,  (short for) video [n -S]
VIE,  to contend in rivalry [v VIEDVYING
VIG,  (short for) a vigorisha charge paid to a bookie on a bet [n -S]
VIM,  energyvigour [n -S]
VIN,  (French) wine [n -S]
VIS,  (Latin) force [n VIRES]
VLY,  (South African) low-lying ground where a shallow lake forms in the wet seasonalso VLEI [n VLIES]
VOE,  in Orkney or Shetlanda bay or creek
VOG,  air pollution caused by volcanic dust [n -S]
VOL,  in heraldrytwo wings displayed and conjoined [n -S]
VOM,  (short for) to vomit [v VOMMEDVOMMING
VOR,  (Shakespeare) to warn [v VORREDVORRING
VOW,  to make a solemn promise [v -ED-ING
VOX,  (Latin) a voice [n VOCES]
VUG,  a small cavity in a rockalso VUGG
VUM,  to vow [v VUMMEDVUMMING
WAB,  the interdigital skin web on certain animalsalso WEB [n -S]
WAD,  to form into a pad [v WADDEDWADDING
WAE,  (Scots) woe [n -S]
WAG,  to move from side to sidealso WAGGLE [v WAGGED
WAI,  (Maori) water [n -S]
WAN,  pale [adj WANNERWANNEST
WAP,  to throw or pull quickly [v WAPPEDWAPPING
WAR,  to engage in armed conflict [v WARREDWARRING
WAS,  BEto exist [v]
WAT,  wet [adj WATTERWATTEST] / a Thai Buddhist temple or monastery [n -S]
WAW,  (Scott) a wavealso WAWE [n -S]
WAX,  a fatty substance [n -ES] / to treat with wax [v -ED-ING
WAY,  (Spenser) to weighesteem [v -ED
WAZ,  (dialect) to urinatealso WAZZ [v WAZZED
WEB,  to provide fine structure spun by a spider [v WEBBEDWEBBING
WED,  to marry [v WEDDEDWEDDING
WEE,  small [adj WEERWEEST] / to urinate [v WEED
WEM,  (archaic) the womb or bellyalso WAME
WEN,  a benign tumor of the skin [n -S]
WET,  not dry [adj WETTERWETTEST
WEX,  (obsolete) to waxgrow
WEY,  a measure or weight for dry goods [n -S]
WHA,  (Scots) whoalso WHAE [pron]
WHO,  which person [pron]
WHY,  the reason or cause of something [n -S]
WIG,  an artificial covering of hair for the head [n -S] / to scold; to provide with a wig [v WIGGEDWIGGING
WIN,  to gain [v WONWINNING
WIS,  a sham archaic word for to knowalso WIST
WIT,  to know [v WISTWITTING
WIZ,  a very skilled person [n WIZES or WIZZES]
WOE,  griefsadness
WOF,  (Australian slang) a foolidiot [n -S]
WOG,  (offensive) a nonwhite foreigner [n -S]
WOK,  (Chinese) a pan used in Chinese cookeryalso WOCK [n -S]
WON,  (archaic) to dwellalso WOON [v WONNED
WOO,  to court; to seek the support of [v -ED-ING
WOP,  to thumpalso WHAP
WOS,  WO(archaic) woe
WOT,  (archaic) to knowalso WIS
WOW,  to impress or amaze [v -ED-ING
WOX,  WAXto treat with wax [v]
WRY,  twisted [adj WRIER or WRYERWRIEST or WRYEST] / to give a twist to [v WRIED
WUD,  (Scots) to load with wood [v WUDDEDWUDDING
WUS,  a Welsh term used in addressing a companion [n -ES]
WUZ,  a nonstandard spelling of wasrepresenting dialect or informal pronunciation [v]
WYE,  the letter Y [n -S]
WYN,  a runehaving the value of modern English W
XED,  crossed out (past tense of verb to xof which the present participle is x'ing) [v]
XIS,  XI(Greek) the fourteenth letter of the Greek alphabet [n]
YAD,  (Hebrew) a handheld pointer used for reading the Torah [n -S]
YAE,  (Scots) onealso AE [adj]
YAG,  a type of synthetic garnet containing yttrium and aluminiumused in lasers and as a gem [n -S]
YAH,  an affected upper-class person [n -S]
YAK,  to talk persistentlyalso YACK [v YAKKED
YAM,  a sweet potato [n -S]
YAP,  to bark shrilly [v YAPPEDYAPPING
YAR,  nimblealso YARE [adj YARER
YAS,  YAan Asian pear [n]
YAW,  of e.g. a planeto move from right to left in a horizontal plane [v -ED
YAY,  an affirmative votealso YEA [n -S]
YEA,  an affirmative votealso YAY [n -S]
YEH,  (colloquial) yesalso YEAH [interj]
YEN,  to desire or yearn [v YENNEDYENNING
YEP,  (colloquial) yesalso YUP [n -S]
YER,  (colloquial) your; you [adj]
YES,  an affirmative reply [n YESES or YESSES] / to give an affirmative reply to [v YESSEDYESSING
YET,  in additionbesides; nevertheless [adv]
YEW,  a type of evergreen treealso EUGH [n -S]
YEX,  to hiccupalso YESK [v -ED
YEZ,  (colloquial) yes [interj]
YGO,  GOto move along [v]
YID,  (offensive) a Jew [n -S]
YIN,  (Scots) onealso ANE [n -S]
YIP,  to utter a shortsudden cry [v YIPPED
YOB,  a loutalso YOBBO [n -S]
YOD,  (Hebrew) a Hebrew letteralso YODH [n -S]
YOK,  to laugh loudlyalso YOCK
YOM,  a Jewish dayesp. in a religious context [n YOMIM]
YON,  over therealso THON
YOU,  a pronoun referring to the person being addressed [pron YOUSYOUSE]
YOW,  to howlalso YOWL [v -ED
YUG,  (Sanskrit) one of the four Hindu ages of the worldalso YUGA [n -S]
YUK,  to laugh loudlyalso YOCK
YUM,  an interjection expressing satisfaction [interj]
YUP,  (colloquial) yesalso YEP [n -S]
YUS,  YU(Chinese) a precious jade [n]
ZAG,  to change course sharply [v ZAGGEDZAGGING
ZAP,  to kill or destroy instantaneously [v ZAPPEDZAPPING
ZAS,  ZA(slang) pizza [n]
ZAX,  a chopper for trimming slatealso SAX
ZEA,  part of a cereal plantonce used as a diuretic [n -S]
ZED,  the letter Zalso ZEE [n -S]
ZEE,  (US) the letter Zalso ZED [n -S]
ZEK,  an inmate of a labour camp in the former USSR [n -S]
ZEL,  (Turkish) an Oriental cymbal [n -S]
ZEN,  a state of calm attentiveness [n -S]
ZEP,  a long zeppelin shaped sandwich [n -S]
ZEX,  a chopper for trimming slatealso SAX
ZHO,  (Tibetan) a cross between a yak and a cowalso DSO
ZIG,  to change course sharply [v ZIGGEDZIGGING
ZIN,  (short for) zinfandela kind of grape [n -S]
ZIP,  to fasten with a metal fastener with teeth [v ZIPPEDZIPPING
ZIT,  a pimple [n -S]
ZIZ,  to take a nap [v ZIZZEDZIZZING
ZOA,  ZOONthe whole product of one fertilized egg [n]
ZOL,  (South African) a cannabis cigarette [n -S]
ZOO,  a home for animals in captivity [n -S]
ZOS,  ZO(Tibetan) a cross between a yak and a cow
ZUZ,  a silver coin of ancient Palestine [n ZUZIM or ZUZZIM]
ZZZ,  an interjection expressing sleep [interj]
